seendate,title,url,sourcecountry,language
20260207T044500Z,Amazon new Greater Cincinnati facility acquired in $61M real estate deal,https://local12.com/news/local/amazon-new-cincinnati-facility-acquired-61-million-dollars-real-estate-deal-florence-kentucky-acquisition-elmtree-funds-c5-encore-logistics-center-blackrock-ohio,United States,English
20260207T044500Z,"Seton Hall wary of tournament exclusion , heads west to face Creighton",https://www.640wxsm.com/2026/02/06/seton-hall-wary-of-tournament-exclusion-heads-west-to-face-creighton/,United States,English
20260207T044500Z,Princesa de Noruega pide disculpas por sus contactos con Epstein,https://www.latimes.com/espanol/vida-y-estilo/articulo/2026-02-06/princesa-de-noruega-pide-disculpas-por-sus-contactos-con-epstein,United States,Spanish
20260207T044500Z,Права работников при длительном лечении : юрист,https://iz.ru/2036845/2026-02-07/iurist-rasskazal-o-pravakh-rabotnikov-pri-dlitelnom-lechenii,Russia,Russian
20260207T044500Z,"  Nu , de Maya Triay y Mariona Jaume , en el Principal de Palma",https://www.ultimahora.es/ocio/teatro/nus-maya-triay-mariona-jaume-principal-palma.html,Spain,Spanish
20260207T044500Z,  All hands on deck : S . F . elementary school students protest ICE,https://www.yahoo.com/news/articles/hands-deck-f-elementary-school-041033802.html,United States,English
20260207T044500Z,"Without Luka Donic , Lakers welcome Steph Curry - less Warriors",http://www.austinglobe.com/news/278853690/without-luka-donic-lakers-welcome-steph-curry-less-warriors,United States,English
20260207T044500Z,桃井かおり 、 トッピング豊かなお手製うどんに反響 夫のリクエストで  温 ・ 冷  作り分け 「 具だくさん 」「 どちらもとっても美味しそう 」 | ORICON NEWS | 国内海外のニュース,https://373news.com/news/national/oricon/detail/2434865/,Japan,Japanese
20260207T044500Z,,https://primicia.com.ve/mundo/onu-saluda-reanudacion-de-las-conversaciones-entre-eeuu-e-iran/,Venezuela,Spanish
20260207T044500Z,Momen Prabowo Disambut Selawat Hadiri Munajat Bangsa MUI,https://nasional.sindonews.com/read/1674483/15/momen-prabowo-disambut-selawat-hadiri-munajat-bangsa-mui-1770433324,Indonesia,Indonesian
20260207T044500Z,Apple Health+ canceled : Why Apple is abandoning its all - in - one health coach,https://myhostnews.com/apple-health-canceled-why-apple-is-abandoning-its-all-in-one-health-coach/,United States,English
20260207T044500Z,Diễn viên gặp nạn khi đóng thế cảnh rơi trên không,https://vnexpress.net/dien-vien-gap-nan-khi-dong-the-canh-roi-tren-khong-5015348.html,Vietnam,Vietnamese
20260207T044500Z,Former Jets first - round draft pick Darron Lee charged with murder in girlfriend death,https://abc7ny.com/post/former-jets-first-round-draft-pick-darron-lee-charged-murder-girlfriends-death/18557447/,United States,English
20260207T044500Z,Former Kansas associate head coach Matt Werle to lead UCLA women volleyball,https://dailybruin.com/2026/02/06/former-kansas-associate-head-coach-matt-werle-to-lead-ucla-womens-volleyball,United States,English
20260207T044500Z,Ye Wife Bianca Censori Talks Nudity Obsession and More,https://popcrush.com/ixp/812/p/kanye-west-wife-bianca-censori-nudity-obsession/,United States,English
20260207T044500Z,Harga Perak Antam Hari Ini 7 Februari 2026 Melesat Rp 2 . 000,https://www.liputan6.com/bisnis/read/6273999/harga-perak-antam-hari-ini-7-februari-2026-melesat-rp-2000,Indonesia,Indonesian
20260207T044500Z," ¡ Sin piedad ! Tigres golea en el Volcán a Santos 5 - 1 – Periódico Zócalo | Noticias de Saltillo , Torreón , Piedras Negras , Monclova , Acuña",https://www.zocalo.com.mx/sin-piedad-tigres-golea-en-el-volcan-a-santos-5-1/,Mexico,Spanish
20260207T044500Z,Anh em sinh đôi ở Hà Nội cùng giành giải Nhất thi học sinh giỏi Toán,https://baomoi.com/anh-em-sinh-doi-o-ha-noi-cung-gianh-giai-nhat-thi-hoc-sinh-gioi-toan-c54437743.epi,Vietnam,Vietnamese
20260207T044500Z,Unión cayó con Central Córdoba de Santiago del Estero en el inicio de la cuarta fecha,https://www.analisisdigital.com.ar/deportes/2026/02/06/union-cayo-con-central-cordoba-de-santiago-del-estero-en-el-inicio-de-la-cuarta-fecha,Argentina,Spanish
20260207T044500Z,"Sailor , the Super Bowl predicting dog , seeks forever home",https://ktvz.com/lifestyle/pet-pals-furry-friends/2026/02/06/sailor-the-super-bowl-predicting-dog-seeks-forever-home/,United States,English
20260207T044500Z,Giá cà phê hôm nay 7 / 2 / 2026 : Tăng trên diện rộng,https://baovanhoa.vn/kinh-te/gia-ca-phe-hom-nay-72-tang-tren-dien-rong-203194.html,Vietnam,Vietnamese
20260207T044500Z,Election season in Le Sueur County kicks off with caucuses,https://www.southernminn.com/le_sueur_county_news/news/election-season-in-le-sueur-county-kicks-off-with-caucuses/article_d6aaaf38-4b01-46b2-b8f4-0eeabca3e96b.html,United States,English
20260207T044500Z,Jorge Rodríguez se reunió con las madres de los presos de Zona 7,https://www.informe21.com/post/jorge-rodr%C3%ADguez-se-reuni%C3%B3-con-las-madres-de-los-presos-de-zona-7,Venezuela,Spanish
20260207T044500Z,Mapping Market Potential : Using Location Intelligence to Drive Smarter Marketing,https://gisuser.com/2026/02/mapping-market-potential-using-location-intelligence-to-drive-smarter-marketing/,United States,English
20260207T044500Z,Surrey man clocked at 197 km / h loses his Lambo for a week,https://theprovince.com/news/surrey-man-clocked-at-197-km-h-loses-his-lambo-for-a-week/wcm/3dae05da-d996-4023-b1a8-d570b6dd534b,Canada,English
20260207T044500Z,LIVE Freestyle slopestyle femminile Olimpiadi in DIRETTA | Gasslitter a caccia della finale,https://www.zazoom.it/2026-02-07/live-freestyle-slopestyle-femminile-olimpiadi-in-diretta-gasslitter-a-caccia-della-finale/18603000/,Italy,Italian
20260207T044500Z,Arkansas college student shares heart transplant journey,https://www.5newsonline.com/article/news/local/arkansas-college-student-shares-heart-transplant-journey/527-311ca001-bf4b-4584-886f-d568531d34d7,United States,English
20260207T044500Z,Japan first female prime minister counts on popularity to help party win election,https://abcnews.go.com/International/wireStory/japans-female-prime-minister-counts-popularity-party-win-129937880,United States,English
20260207T044500Z,Dr . Hubertus Hess - Grunewald [ Präsident ] - Werder Bremen - Forum | Seite 3,https://www.transfermarkt.at/dr-hubertus-hess-grunewald-prasident-/thread/forum/15/thread_id/457732/page/3,Austria,German
20260207T044500Z,"Parents sue DoorDash , driver in KU student hit - and - run death",https://www.kctv5.com/2026/02/07/parents-sue-doordash-driver-ku-students-hit-and-run-death/,United States,English
20260207T044500Z,Why Practical Fabric Maintenance Is Useful For Workspace Hygiene,https://www.eyeonannapolis.net/2026/02/why-practical-fabric-maintenance-is-useful-for-workspace-hygiene/,United States,English
20260207T044500Z,Nợ xấu đang tiếp tục giảm,https://thesaigontimes.vn/no-xau-dang-tiep-tuc-giam/,Vietnam,Vietnamese
20260207T044500Z,iShares International Equity Factor ETF ( NYSEARCA : INTF ) Hits New 52 - Week High – Here Why,https://www.themarketsdaily.com/2026/02/07/ishares-international-equity-factor-etf-nysearcaintf-hits-new-52-week-high-heres-why.html,United States,English
20260207T044500Z,Ô tô Toyota vừa làm điều này để cạnh tranh với xe Trung Quốc,https://plo.vn/o-to-toyota-vua-lam-dieu-nay-de-canh-tranh-voi-xe-trung-quoc-post894980.html,Vietnam,Vietnamese
20260207T044500Z,Governo suspende dragagem do Rio Tapajós após protestos indígenas,https://jornaldebrasilia.com.br/noticias/brasil/governo-suspende-dragagem-do-rio-tapajos-apos-protestos-indigenas/,Brazil,Portuguese
20260207T044500Z,"Kurang 60 Menit , Sunarto Merestui Penangkapan Ketua PN Depok",https://www.jpnn.com/news/kurang-60-menit-sunarto-merestui-penangkapan-ketua-pn-depok,Indonesia,Indonesian
20260207T044500Z,"Former OSU , NFL linebacker arrested on suspicion of murder in Tennessee",https://www.journal-news.com/local/former-osu-nfl-linebacker-arrested-on-suspicion-of-murder-in-tennessee/U5U4QEV3TVGV7LSZVFAWNKL7UA/,United States,English
20260207T044500Z,Trump harsh immigration tactics are taking a political hit,https://www.npr.org/transcripts/nx-s1-5697026,United States,English
20260207T044500Z,True face of terror unmasked,https://tribune.com.pk/story/2591191/true-face-of-terror-unmasked,Pakistan,English
20260207T044500Z,Lufkin Fire Department at scene of cart barn fire at country club,https://www.ktre.com/2026/02/07/lufkin-fire-department-scene-cart-barn-fire-country-club/,United States,English
20260207T044500Z,Isključenje struje 7 . 2 . ,https://www.kurir.rs/vesti/beograd/9907507/iskljucenje-struje-7-2,Serbia,Serbian
20260207T044500Z,"Трамп : Иран хочет сделки по ядерной программе , но США не спешат",https://www.kommersant.ru/doc/8418761,Russia,Russian
20260207T044500Z,The Marlow Murder Club | TV Tonight,https://tvtonight.com.au/tag/the-marlow-murder-club,Australia,English
20260207T044500Z,  Bone EP Barry Josephson Addresses Jeffrey Epstein Emails,https://deadline.com/2026/02/bones-ep-barry-josephson-jeffrey-epstein-emails-1236711937/,United States,English
20260207T044500Z,Why Skipping a DoorDash Tip Could Delay Your Food in Texas,https://b93.net/ixp/156/p/door-dash-tip-texas/,United States,English
20260207T044500Z,Nhiều hành khách trễ giờ tàu tại ga Sài Gòn,https://baotintuc.vn/kinh-te/nhieu-hanh-khach-tre-gio-tau-tai-ga-sai-gon-20260207095058558.htm,Vietnam,Vietnamese
20260207T044500Z,Federal grand jury indicts Groves man on multiple child exploitation charges,https://kfdm.com/news/local/federal-grand-jury-indicts-groves-man-on-multiple-child-exploitation-charges,United States,English
20260207T044500Z,Anna Grey war mit Kontra K auf Tour : Dann schlug das Schicksal zu,https://www.derwesten.de/panorama/promi-tv/anna-grey-kontra-k-sarah-connor-tour-schicksal-id301975105.html,Germany,German
20260207T044500Z,Capdenac - Gare . Le Caveau de la Gare ouvre 2026 avec Le Trésor de Mamma Giulia,https://www.ladepeche.fr/2026/02/07/le-caveau-de-la-gare-ouvre-2026-avec-le-tresor-de-mamma-giulia-13212384.php,France,French
20260207T044500Z,A tale of two villages : Cambodians lament Thailand border gains,https://www.fairfieldsuntimes.com/news/national/a-tale-of-two-villages-cambodians-lament-thailands-border-gains/article_a97d7a3e-5d5b-592f-8c2e-55c74e5695ce.html,United States,English
20260207T044500Z,Kinh nghiệm chọn dịch vụ đổ mực máy in tại Đống Đa không bị  chặt chém  ,https://www.webtretho.vn/f/trai-nghiem-cuoc-song/kinh-nghiem-chon-dich-vu-do-muc-may-in-tai-dong-da-khong-bi-chat-chem,,Vietnamese
20260207T044500Z,Erzurumda katliam gibi kaza : 4 ölü - Yaşam Haberleri,https://www.sabah.com.tr/yasam/erzurumda-katliam-gibi-kaza-4-olu-7519184,Turkey,Turkish
20260207T044500Z,"Gresham family released from ICE custody after three weeks , Oregon Rep . Maxine Dexter says",https://www.kgw.com/article/news/politics/immigration-news/gresham-family-released-from-ice-custody-after-three-weeks-oregon-rep-maxine-dexter-says/283-891ad0e9-a29c-49d9-a174-b1d1d7dc628d,United States,English
20260207T044500Z,BREAKING : One dead in Beaumont shooting,https://kfdm.com/news/local/breaking-one-dead-in-beaumont-shooting,United States,English
20260207T044500Z,"North Fourth Street rehabilition to cost $1 million , feasibility study estimates",https://www.southernminn.com/townnews/highway/north-fourth-street-rehabilition-to-cost-1-million-feasibility-study-estimates/article_aa6f9295-bb41-4867-a8bc-46b925cb8fcf.html,United States,English
20260207T044500Z,Thinking Before Arresting,https://timesofindia.indiatimes.com/blogs/gen-zedits/thinking-before-arresting/,India,English
20260207T044500Z,Éducation : Les parents lassés des changements à répétition,https://www.lemauricien.com/actualites/societe/education-les-parents-lasses-des-changements-a-repetition/698567/,Mauritius,French
20260207T044500Z,El PACO ya se prepara para el verano : el Ayuntamiento da los primeros pasos para volver a tener chiringuito esta temporada,https://www.lne.es/corvera/2026/02/07/paco-prepara-verano-ayuntamiento-da-126537344.html,Spain,Spanish
20260207T044500Z,Gualeguaychú : este sábado la Fiesta Nacional Carnaval del País prolongará su alegría al finalizar el desfile,https://www.analisisdigital.com.ar/interes-general/2026/02/06/gualeguaychu-este-sabado-la-fiesta-nacional-carnaval-del-pais-prolongara-su-alegria-al-finalizar-el-desfile,Argentina,Spanish
20260207T044500Z,舊金山市長中國城慶生 全場合唱 助推超級碗盛事,https://www.epochtimes.com/b5/26/2/7/n14693069.htm,China,Chinese
20260207T044500Z,Clarksville Gas and Water Department plans Trenton Road & Hazelwood Road area - wide water outage for water valve work - Clarksville Online,https://www.clarksvilleonline.com/2026/02/06/clarksville-gas-and-water-department-plans-trenton-road-hazelwood-road-area-wide-water-outage-for-water-valve-work/,United States,English
20260207T044500Z,"Presidente de Cuba , Miguel Díaz - Canel Bermúdez comparece ante los medios nacionales y extranjeros para actualizar la situación de Cuba",https://newsinamerica.com/pdcc/boletin/2026/presidente-de-cuba-miguel-diaz-canel-bermudez-comparece-ante-los-medios-nacionales-y-extranjeros-para-actualizar-la-situacion-de-cuba/,Guatemala,Spanish
20260207T044500Z,Feeling the darkness : Journey in the Guangming Experience Hall reveals how empathy grows when sight taken away and listening begins,https://www.globaltimes.cn/page/202602/1354925.shtml,China,English
20260207T044500Z,TP . HCM : Linh vật ngựa cao 6 m ở phường Phú An gây sốt mạng xã hội,https://plo.vn/tphcm-linh-vat-ngua-cao-6-m-o-phuong-phu-an-gay-sot-mang-xa-hoi-post894987.html,Vietnam,Vietnamese
20260207T044500Z,Señales de alerta financiera que muchas familias latinas están ignorando,https://laopinion.com/2026/02/06/senales-de-alerta-financiera-que-muchas-familias-latinas-estan-ignorando/,United States,Spanish
20260207T044500Z,Ông Trump dỡ bỏ thuế bổ sung với hàng hóa Ấn Độ,https://baomoi.com/ong-trump-do-bo-thue-bo-sung-voi-hang-hoa-an-do-c54437602.epi,Vietnam,Vietnamese
20260207T044500Z,Eminönü  nde bankada silahlı soygun - Yaşam Haberleri,https://www.sabah.com.tr/yasam/eminonunde-bankada-silahli-soygun-7519137,Turkey,Turkish
20260207T044500Z,Luc - la - Primaube . Un nouvel horizon pour le quartier Horizon,https://www.ladepeche.fr/2026/02/07/un-nouvel-horizon-pour-le-quartier-horizon-13212418.php,France,French
20260207T044500Z,"Nuclear talks with US in Oman  a good start , Iran says",https://www.newcastleherald.com.au/story/9169926/nuclear-talks-with-us-in-oman-a-good-start-iran-says/,,English
20260207T044500Z,"Cops say no shots fired , man held for ramming shooter car with SUV in Greater Noida | Noida News",https://timesofindia.indiatimes.com/city/noida/cops-say-no-shots-fired-man-held-for-ramming-shooters-car-with-suv-in-greater-noida/articleshow/128006946.cms,India,English
20260207T044500Z,Gebrauchtwagenmarkt : Mercedes - Benz Sprinter 315 CDI FG PRO Std . Tiefladerpritsche,https://www.autorevue.at/marktplatz/64021000-d46d-4e95-b30d-c24149d27fcf,Austria,German
20260207T044500Z,Gramond . Réveil dAutomne : une année placée sous le signe du lien social,https://www.ladepeche.fr/2026/02/07/reveil-dautomne-une-annee-placee-sous-le-signe-du-lien-social-13212399.php,France,French
20260207T044500Z,"WR Jahmal Edrine no longer on Virginia roster after rape , abduction charges",https://www.640wxsm.com/2026/02/06/wr-jahmal-edrine-no-longer-on-virginia-roster-after-rape-abduction-charges/,United States,English
20260207T044500Z,തിരുവല്ലയിലെ കൂട്ടബലാത്സംഗം മറ്റൊരു സ്പാ ഉടമയുടെ ക്വട്ടേഷനെന്ന് ആരോപണം | Allegations that the gang rape in Thiruvalla was a quote from another spa owner,https://www.madhyamam.com/kerala/allegations-that-the-gang-rape-in-thiruvalla-was-a-quote-from-another-spa-owner-1492747,India,Malayalam
20260207T044500Z,Scammer abandoned Cambodia compound exposes brutality and banality of fraud,https://www.asiaone.com:443/asia/scammers-abandoned-cambodia-compound-exposes-brutality-and-banality-fraud,Singapore,English
20260207T044500Z,Những  bước đi trong hy vọng  của chàng trai khiếm thị,https://baovanhoa.vn/giai-tri/nhung-buoc-di-trong-hy-vong-cua-chang-trai-khiem-thi-203259.html,Vietnam,Vietnamese
20260207T044500Z,No . 20 Clemson continues west coast road trip at Cal,https://www.640wxsm.com/2026/02/06/no-20-clemson-continues-west-coast-road-trip-at-cal/,United States,English
20260207T044500Z, „ Kunst und Kommerz : Eine Schau wagt sich an das grte Tabu der Kunstgeschichte,https://www.falter.at/zeitung/20260203/eine-schau-wagt-sich-an-das-groesste-tabu-der-kunstgeschichte,Austria,German
20260207T044500Z,Former 1st - round pick LB Darron Lee charged with murder,https://www.640wxsm.com/2026/02/06/former-1st-round-pick-lb-darron-lee-charged-with-murder/,United States,English
20260207T044500Z,Isola ecologica interrata circa due mesi di lavori,https://www.zazoom.it/2026-02-07/isola-ecologica-interrata-circa-due-mesi-di-lavori/18602990/,Italy,Italian
20260207T044500Z, 『 ディズニー ツイステッドワンダーランド展│Seasonal Memories 』 チケット一般発売開始,https://373news.com/news/national/oricon/detail/2435149/,Japan,Japanese
20260207T044500Z,Пять главных новостей Израиля и мира к утру 7 февраля 2026 года | MigNews - Новости Израиля и Мира на русском языке,http://mignews.com/news/politic/pyat-glavnyh-novostej-izrailya-i-mira-k-utru-7-fevralya-2026-goda.html,,Russian
20260207T044500Z,La storia del tenente Irnerio Bertuzzi pilota di Enrico Mattei,https://www.zazoom.it/2026-02-07/la-storia-del-tenente-irnerio-bertuzzi-pilota-di-enrico-mattei/18602992/,Italy,Italian
20260207T044500Z,Tour Tết 2026 cháy hàng,https://plo.vn/tour-tet-2026-chay-hang-post894963.html,Vietnam,Vietnamese
20260207T044500Z,Savaştan önce son çıkış mı ... ABD ve İran Ummanda buluştu - Hürriyet Son Dakika Güncel Haberler,https://www.hurriyet.com.tr/dunya/savastan-once-son-cikis-mi-abd-ve-iran-ummanda-bulustu-43102212,Turkey,Turkish
20260207T044500Z,保险许可证将取消 今年6月起保险机构适用金融许可证 - 新华网,http://www.gd.xinhuanet.com/20260207/5620f3fd03f443fead8cfcadd00a8ec9/c.html,China,Chinese
20260207T044500Z,Wolf abschießen oder nicht ? Richter bitten um Aufschub,https://www.proplanta.de/agrar-nachrichten/umwelt/wolf-abschiessen-oder-nicht-richter-bitten-um-aufschub_article1770438071.html,Germany,German
20260207T044500Z,"IHSG Sepekan Tergelincir 4 , 73 %, Kapitalisasi Pasar Merosot jadi Rp 14 . 314 Triliun",https://www.liputan6.com/saham/read/6273986/ihsg-sepekan-tergelincir-473-kapitalisasi-pasar-merosot-jadi-rp-14314-triliun,Indonesia,Indonesian
20260207T044500Z,HĐND thông qua các nghị quyết tạo nền tảng phát triển lâu dài cho TPHCM,https://thesaigontimes.vn/hdnd-thong-qua-cac-nghi-quyet-tao-nen-tang-phat-trien-lau-dai-cho-tphcm/,Vietnam,Vietnamese
20260207T044500Z,"Pimpinan PN Depok Minta Rp 1 M kepada Karabha Digdaya , Disepakati Rp 850 Juta , Lalu Ditangkap KPK",https://www.jpnn.com/news/pimpinan-pn-depok-minta-rp-1-m-kepada-karabha-digdaya-disepakati-rp-850-juta-lalu-ditangkap-kpk,Indonesia,Indonesian
20260207T044500Z,African theologians decry  troubling pattern  of human rights abuses in Uganda,https://cruxnow.com/church-in-africa/2026/02/african-theologians-decry-troubling-pattern-of-human-rights-abuses-in-uganda,United States,English
20260207T044500Z,Osimo incendio in condominio | sei famiglie evacuate nella notte allarme sicurezza impianti elettrici,https://www.zazoom.it/2026-02-07/osimo-incendio-in-condominio-sei-famiglie-evacuate-nella-notte-allarme-sicurezza-impianti-elettrici/18602973/,Italy,Italian
20260207T044500Z,Nữ sinh ở Nghệ An đi qua đường đồng vắng bị đối tượng lạ đạp đổ xe rồi giở trò đồi bại,https://danviet.vn/nu-sinh-o-nghe-an-di-qua-duong-dong-vang-bi-doi-tuong-la-dap-do-xe-roi-khong-che-d1401426.html,Vietnam,Vietnamese
20260207T044500Z,Văn kiện Đại hội XIV là  bản thiết kế chiến lược  của Đảng,https://plo.vn/van-kien-dai-hoi-xiv-la-ban-thiet-ke-chien-luoc-cua-dang-post894988.html,Vietnam,Vietnamese
20260207T044500Z,"초광역권 통합 , 지역교육 대책 마련이 먼저다",https://www.ohmynews.com/NWS_Web/View/at_pg.aspx?CNTN_CD=A0003205260&PAGE_CD=N0002&BLCK_NO=&CMPT_CD=M0147,South Korea,Korean
20260207T044500Z,洛杉磯超市死亡車禍畫面曝光 肇事駕駛92歲女性 | 加州大學洛杉磯分校 | 西木區 | 大華超市,https://www.ntdtv.com/b5/2026/02/07/a104064044.html,China,Chinese
20260207T044500Z,"Πισσαρίδης : Η Τεχνητή Νοημοσύνη αλλάζει την εργασία , αλλά όχι όπως φοβόμαστε",https://www.politis.com.cy/politis-news/oikonomia/985008/xristoforos-pissaridis-h-tekhniti-noimosyni-allazei-tin-erghasia-alla-okhi-opos-fovomaste,Cyprus,Greek
20260207T044500Z,В России призвали сократить объём домашнего задания : В Госдуме назвали причину,https://pda.kp.ru/online/news/6807134/,,Russian
20260207T044500Z,നേപ്പാൾ ആസ്ഥാനമായി കോടികളുടെ സൈബർ തട്ടിപ്പ് ; 11 ഇന്ത്യക്കാർ മംഗളൂരുവിൽ അറസ്റ്റിൽ | Nepal - based cyber fraud worth crores ; 11 Indians arrested in Mangaluru,https://www.madhyamam.com/crime/cyber-crime-11-indians-arrested-in-mangaluru-1492738,India,Malayalam
20260207T044500Z,KDE Plasma 6 . 6 Fixing Significant Issues With Fingerprint Authentication,https://www.phoronix.com/news/Plasma-6.6-Fingerprint-Fixes,United States,English
20260207T044500Z,Los 10 regalos de San Valentín que arrasan en Walmart,https://laopinion.com/2026/02/06/los-10-regalos-de-san-valentin-que-arrasan-en-walmart/,United States,Spanish
20260207T044500Z,Bé 5 tuổi mắc u bã đậu bội nhiễm - Báo VnExpress,https://vnexpress.net/be-5-tuoi-mac-u-ba-dau-boi-nhiem-5015292.html,Vietnam,Vietnamese
20260207T044500Z,"Trưởng Ban Tổ chức Trung ương : Xây dựng Đảng thật sự  là đạo đức , là văn minh , xử lý nghiêm cán bộ , đảng viên suy thoái",https://danviet.vn/truong-ban-to-chuc-trung-uong-xay-dung-dang-that-su-la-dao-duc-la-van-minh-xu-ly-nghiem-can-bo-dang-vien-suy-thoai-d1401485.html,Vietnam,Vietnamese
20260207T044500Z,Trumptan İranla ticaret yapan ülkelere ikinci ek vergi,https://dogruhaber.com.tr/trumptan-iranla-ticaret-yapan-ulkelere-ikinci-ek-vergi,Turkey,Turkish
20260207T044500Z,Melihat Dampak Bencana Tanah Bergerak di Tegal,https://tv.republika.co.id/berita/yt-ta2mh2659881869/melihat-dampak-bencana-tanah-bergerak-di-tegal,Indonesia,Indonesian
20260207T044500Z,"Phường Nam Định , tỉnh Ninh Bình mới ( địa phận tỉnh Nam Định ), Lễ hội Khai ấn Đền Trần xuân Bính Ngọ năm 2026 có điểm gì mới ? ",https://danviet.vn/phuong-nam-dinh-tinh-ninh-binh-moi-dia-phan-tinh-nam-dinh-khai-an-den-tran-xuan-binh-ngo-nam-2026-co-diem-gi-moi-d1401400.html,Vietnam,Vietnamese
20260207T044500Z,Yapay zekâ ile ilan arama dönemi,https://bigpara.hurriyet.com.tr/haberler/ekonomi-haberleri/yapay-zeka-ile-ilan-arama-donemi_ID1624499/,Turkey,Turkish
20260207T044500Z,Simpan Permanen Akun SNPMB 2026 Gagal Terus ? Begini Solusinya,https://edukasi.sindonews.com/read/1674489/211/simpan-permanen-akun-snpmb-2026-gagal-terus-begini-solusinya-1770436936,Indonesia,Indonesian
20260207T044500Z,"Chứng khoán tuần qua : VN - Index lao dốc hơn 73 điểm , khối ngoại xả mạnh hơn 6 . 100 tỷ đồng",https://danviet.vn/chung-khoan-tuan-qua-vn-index-lao-doc-hon-73-diem-khoi-ngoai-xa-manh-hon-6100-ty-dong-d1401401.html,Vietnam,Vietnamese
20260207T044500Z,John Hancock Multifactor Developed International ETF ( NYSEARCA : JHMD ) Sets New 12 - Month High – Here What Happened,https://www.dailypolitical.com/2026/02/06/john-hancock-multifactor-developed-international-etf-nysearcajhmd-sets-new-12-month-high-heres-what-happened.html,United States,English
20260207T044500Z,Trump : Anfang nächster Woche wieder Gespräche mit Iran,https://www.gmx.ch/magazine/politik/us-politik/trump-anfang-naechster-woche-gespraeche-iran-41875268,Switzerland,German
20260207T044500Z,Owners of Othello Seahawks house uniting community ahead of Super Bowl LX,https://www.krem.com/article/news/local/owners-othello-seahawks-house-uniting-community-super-bowl-lx/293-2849bb20-6f36-4294-b923-615cb9b0a164,United States,English
20260207T044500Z,STAFF PICKS : Predictions for Super Bowl LX – The Daily Eastern News,https://www.dailyeasternnews.com/2026/02/06/staff-picks-predictions-for-super-bowl-lx/,United States,English
20260207T044500Z,Laneway festival food truck illness complaints spark call for diners to come forward,https://www.nzherald.co.nz/nz/laneway-festival-food-truck-illness-complaints-spark-call-for-diners-to-come-forward/I3FJMCLMZBF2BBWQS565GDLYGA/,New Zealand,English
20260207T044500Z,"Pnrr , Case di comunità : 106 i cantieri aperti in Puglia . « A giugno 114 già attive » ",https://www.quotidianodipuglia.it/regione/puglia_sanita_pnrr_case_di_comunita_106_cantieri_aperti_giugno_114_gia_attive_cosa_sappiamo-9344057.html,Italy,Italian
20260207T044500Z,This Florida barbershop opens every sunday just for children with special needs,https://www.wpbf.com/article/he-never-thought-a-haircut-could-feel-possible-until-this-jupiter-barber-stepped-in/70272261,United States,English
20260207T044500Z,Café Groenland – een oom op de Kaap ( Deel1 ) Greetings from Katendrecht,https://www.vandaagenmorgen.nl/columns/1420/cafe-groenland-een-oom-op-de-kaap-deel1-greetings-from-katendrecht,Netherlands,Dutch
20260207T044500Z,NBA G - League team leaving Birmingham for New Orleans suburb,https://www.wbrc.com/2026/02/07/nba-g-league-team-leaving-birmingham-new-orleans-suburb/,United States,English
20260207T044500Z,"​Bò một nắng đắt khách , bánh chưng  cháy hàng  ngày cận Tết",https://plo.vn/bo-mot-nang-dat-khach-banh-chung-chay-hang-ngay-can-tet-post894978.html,Vietnam,Vietnamese
20260207T044500Z,Ohio man charged over threat to kill JD Vance,https://www.singletonargus.com.au/story/9169996/ohio-man-charged-over-threat-to-kill-jd-vance/,Australia,English
20260207T044500Z,Colombia anuncia que con Ecuador y Estados Unidos se estudia instalar un centro de fusión de inteligencia en frontera,https://www.eluniverso.com/noticias/politica/colombia-anuncia-con-ecuador-estados-unidos-se-estudia-instalar-centro-fusion-inteligencia-frontera-nota/,Ecuador,Spanish
20260207T044500Z,大陸央行黃金儲備 「 十五連增 」！ 1月增持4萬盎司 增持節奏略有加快 | 陸港經貿 | 兩岸,https://udn.com/news/story/7333/9315125,Taiwan,Chinese
20260207T044500Z,Cheers for Team united states turn to jeers for Vance at opening ceremony,https://www.wlwt.com/article/team-usa-cheered-jd-vance-jeered-milan-olympic-opening/70273389,United States,English
20260207T044500Z,Unión Europea reitera interés en fortalecer relaciones comerciales e inversión con Honduras,https://newsinamerica.com/pdcc/boletin/2026/union-europea-reitera-interes-en-fortalecer-relaciones-comerciales-e-inversion-con-honduras/,Guatemala,Spanish
20260207T044500Z,Hyatt Regency Nha Trang chính thức khai trương,https://baotintuc.vn/doanh-nghiep-san-pham-dich-vu/hyatt-regency-nha-trang-chinh-thuc-khai-truong-20260207110806465.htm,Vietnam,Vietnamese
20260207T044500Z,"Olympic mùa Đông 2026 : Thế vận hội chính thức khai mạc tại Italy , Tổng thư ký LHQ kêu gọi ngừng bắn",https://baomoi.com/olympic-mua-dong-2026-the-van-hoi-chinh-thuc-khai-mac-tai-italy-tong-thu-ky-lhq-keu-goi-ngung-ban-c54437471.epi,Vietnam,Vietnamese
20260207T044500Z,Đưa Đà Nẵng đến gần hơn với du khách Hà Nội qua chuỗi trải nghiệm  chạm về nguyên bản  ,https://baovanhoa.vn/du-lich/dua-da-nang-den-gan-hon-voi-du-khach-ha-noi-qua-chuoi-trai-nghiem-cham-ve-nguyen-ban-203216.html,Vietnam,Vietnamese
20260207T044500Z,"Varicose Veins : Causes , Symptoms , and Treatment Options - GIS user technology news",https://gisuser.com/2026/02/varicose-veins-causes-symptoms-and-treatment-options/,United States,English
20260207T044500Z,The J Class expects a resurgence of activity during the 2026 season,https://www.livesaildie.com/the-j-class-expects-a-resurgence-of-activity-during-the-2026-season/,Australia,English
20260207T044500Z,More than 80 flood warnings issued in united kingdom with more downpours forecast,https://www.rhyljournal.co.uk/news/national/25834652.80-flood-warnings-issued-uk-downpours-forecast/,United Kingdom,English
20260207T044500Z,"Gempa Pacitan Menyebabkan 40 Warga Jogja Luka - Luka , Kerusakan Meluas di Bantul",https://jogja.jpnn.com/jogja-terkini/12890/gempa-pacitan-menyebabkan-40-warga-jogja-luka-luka-kerusakan-meluas-di-bantul,Indonesia,Indonesian
20260207T044500Z,Kid Rock Drops Spring Tour Dates Ahead of TPUSA Halftime Show,https://popcrush.com/ixp/204/p/kid-rock-2026-freedom-25-tour-dates/,United States,English
20260207T044500Z,Nhân dân Campuchia lật đổ chế độ diệt chủng Pôn Pốt,https://baovanhoa.vn/the-gioi/nhan-dan-campuchia-lat-do-che-do-diet-chung-pon-pot-203220.html,Vietnam,Vietnamese
20260207T044500Z,County top prosecutor calls Mayor Brandon Johnson ICE executive order  wholly inappropriate  ,https://chicago.suntimes.com/immigration/2026/02/06/eileen-oneill-burke-brandon-johnson-immigration-ice-law,United States,English
20260207T044500Z,В российской Твери прогремели взрывы : горит химзавод - СМИ,https://unn.ua/ru/news/v-rossiiskoi-tveri-progremeli-vzrivi-gorit-khimzavod-smi,,Russian
20260207T044500Z,"  I will spend the rest of my life believing that the US , as a political actor , is not trustworthy , former member of Greenland parliament told GT",https://www.globaltimes.cn/page/202602/1354946.shtml,China,English
20260207T044500Z,Family of Ian Fang victim drop civil lawsuit after she hopes to  not have anything to do with him anymore  ,https://www.asiaone.com:443/entertainment/family-ian-fang-victim-drop-civil-lawsuit-sexual-assault,Singapore,English
20260207T044500Z,Capdenac - Gare . Une semaine bien remplie pour les secouristes avec 16 interventions,https://www.ladepeche.fr/2026/02/07/une-semaine-bien-remplie-pour-les-secouristes-avec-16-interventions-13212381.php,France,French
20260207T044500Z,Украинские военные из рейнджерского полка ССО переброшены в Харьковскую область : что от них ждет Киев,https://pda.kp.ru/online/news/6807149/,,Russian
20260207T044500Z,MAFS : After The Dinner Party,https://tvtonight.com.au/tag/mafs-after-the-dinner-party,Australia,English
20260207T044500Z, 「 見取り図じゃん 」 パンサー尾形が体調不良で欠席→収録１０分前に人気芸人が代役出演 盛山晋太郎 「（ 局で ） ウロウロしてたんで 」/ 芸能 / デイリースポーツ online,https://www.daily.co.jp/gossip/2026/02/07/0019994141.shtml,Japan,Japanese
20260207T044500Z,"Unions call for Portland mayor , DA to respond to federal agent use of force on protesters",https://www.kgw.com/article/news/local/protests/unions-call-mayor-da-respond-federal-agents-use-of-force-protesters/283-f18b7a33-7c1d-499d-909c-8ff99c65298f,United States,English
20260207T044500Z,Román Burruchaga avanza a semifinales en el Challenger de Rosario,https://www.cadena3.com/noticia/deportes/roman-burruchaga-avanza-a-semifinales-en-el-challenger-de-rosario_516906,Argentina,Spanish
20260207T044500Z,Hund „ Alaska  erlitt Schreckliches - NRW - Tierheim handelt sofort,https://www.derwesten.de/region/tierheim-nrw-hund-bad-salzuflen-schaeferhund-alaska-id301978468.html,Germany,German
20260207T044500Z,Midair mechanical issue forces Alaska Air flight into emergency landing in Anchorage,https://www.alaskasnewssource.com/2026/02/07/midair-mechanical-issue-forces-alaska-air-flight-into-emergency-landing-anchorage/,,English
20260207T044500Z,Alabama tackles rival Auburn with Charles Bediako case pending,http://www.austinglobe.com/news/278853613/alabama-tackles-rival-auburn-with-charles-bediako-case-pending,United States,English
20260207T044500Z,"Surat Al - Alaq Merupakan Surat yang Ke , Jawaban Soal AlQuran Hadist Kelas 6 Ulangan Semester 2",https://pontianak.tribunnews.com/techno/1161210/surat-al-alaq-merupakan-surat-yang-ke-jawaban-soal-alquran-hadist-kelas-6-ulangan-semester-2,Indonesia,Indonesian
20260207T044500Z,Villefranche - de - Rouergue .  Chronique dun amour  dAntonioni projeté au cinéma Vox,https://www.ladepeche.fr/2026/02/07/chronique-dun-amour-dantonioni-projete-au-cinema-vox-13212378.php,France,French
20260207T044500Z,Hơn 200 tác phẩm hội tụ tại triển lãm  Thành phố mùa Xuân  ,https://baovanhoa.vn/nghe-thuat/hon-200-tac-pham-hoi-tu-tai-trien-lam-thanh-pho-mua-xuan-203200.html,Vietnam,Vietnamese
20260207T044500Z,"Mattarella in tram , poesia , musica e grandi star : parte Milano - Cortina",https://www.dialessandria.it/top-news/mattarella-in-tram-poesia-musica-e-grandi-star-parte-milano-cortina/259929.html,Italy,Italian
20260207T044500Z,सात निश्चय - 3 के तहत डेयरी क्षेत्र को बढ़ावा : हर गांव में दुग्ध उत्पादन समिति,https://www.tarunmitra.in/state/bihar/promotion-of-dairy-sector-under-seven-decisions-3-milk-production-committee/article-125808,India,Hindi
20260207T044500Z,Noter » Aa Kirke arbejder videre med nyt lydanlæg » Bornholm . nu,https://bornholm.nu/noter/aa-kirke-arbejder-videre-med-nyt-lydanlaeg/135304,Niue,Danish
20260207T044500Z,Supreme Court nominee Will denies backing suspension of Constitution during COVID,https://www.unionleader.com/news/courts/supreme-court-nominee-will-denies-backing-suspension-of-constitution-during-covid/article_b9168338-1a5c-4d47-9f82-7c7f2593ce11.html,United States,English
20260207T044500Z,Силы ПВО за ночь сбили 82 украинских беспилотника над регионами России,https://pda.kp.ru/online/news/6807167/,,Russian
20260207T044500Z,Riviera Romagnola | Bando Eureca Turismo per riqualificare strutture e attrarre nuovi flussi turistici tutto lanno,https://www.zazoom.it/2026-02-07/riviera-romagnola-bando-eureca-turismo-per-riqualificare-strutture-e-attrarre-nuovi-flussi-turistici-tutto-lanno/18602972/,Italy,Italian
20260207T044500Z,Border Patrol boss Gregory Bovino tossed from Vegas bar : report,https://www.mercurynews.com/2026/02/06/gregory-bovino-kicked-out-las-vegas-bar/,United States,English
20260207T044500Z,Teenage boy charged by police after allegedly assaulting teacher,https://www.borehamwoodtimes.co.uk/news/national/25834654.teenage-boy-charged-police-allegedly-assaulting-teacher/,United Kingdom,English
20260207T044500Z,Beliebtheitsrangliste - Spieler,https://www.transfermarkt.at/beliebtheit/spieler?ergebnis=915418_943160&kontinent=0&land=0&wettbewerb=A1&verein=0&position=0&marktwert=500000&lieblingsverein=0,Austria,German
20260207T044500Z,Juticalpa FC y Génesis PN  empatan 1 - 1 en inicio de jornada 4 del Torneo Clausura,https://proceso.hn/juticalpa-fc-y-genesis-pn-empatan-1-1-en-inicio-de-jornada-4-del-torneo-clausura/,Honduras,Spanish
20260207T044500Z,Police Confirm Death Of Jahzavier Wilson,https://bernews.com/2026/02/police-confirm-death-of-jahzavier-wilson/,Bermuda,English
20260207T044500Z,川普 ： 南希 · 格思里失蹤案有重要進展 | 南希 ‧ 格思里 | Nancy Guthrie | FBI,https://www.epochtimes.com/b5/26/2/7/n14693060.htm,China,Chinese
20260207T044500Z,Gremio de la seguridad privada advierte sobre vigilancia con conserjes y no con personal capacitado :  Esto es muy peligroso  ,https://www.elheraldo.co/magdalena/2026/02/07/gremio-de-la-seguridad-privada-advierte-sobre-vigilancia-con-conserjes-y-no-con-personal-capacitado-esto-es-muy-peligroso/,Colombia,Spanish
20260207T044500Z,Clearway Energy ( NYSE : CWEN ) Hits New 12 - Month High – Still a Buy ? ,https://www.themarketsdaily.com/2026/02/07/clearway-energy-nysecwen-hits-new-12-month-high-still-a-buy.html,United States,English
20260207T044500Z,Loyal Trump ally sickened by Obama attack,https://www.rawstory.com/obama-2675106748/,United States,English
20260207T044500Z,Клинический психолог рассказала о проблемах в семьях блогеров,https://iz.ru/2038164/2026-02-07/klinicheskii-psikholog-rasskazala-o-problemakh-v-semiakh-blogerov,Russia,Russian
20260207T044500Z,,https://primicia.com.ve/nacion/an-instala-comision-especial-del-proyecto-de-ley-de-amnistia/,Venezuela,Spanish
20260207T044500Z,Fischer and Péquin crowned champions of the Lanzarote International Regatta,https://www.livesaildie.com/fischer-and-pequin-crowned-champions-of-the-lanzarote-international-regatta/,Australia,English
20260207T044500Z,"Judge orders Trump administration to bring back 3 families deported to Honduras , other countries",https://www.wlwt.com/article/judge-orders-trump-return-families-deported-honduras-other-countries/70274046,United States,English
20260207T044500Z,"Oregon , Washington and tribes head back to court after Trump pulls out of deal to recover salmon",https://www.seattletimes.com/seattle-news/wa-or-and-tribes-head-back-to-court-over-salmon-deal-that-trump-killed/,United States,English
20260207T044500Z,"Jermod McCoy 2026 NFL draft prospect profile , grades , rank , measurements",https://www.si.com/fannation/college/cfb-hq/news/jermod-mccoy-2026-nfl-draft-prospect-profile-grades-rank-measurements,United States,English
20260207T044500Z,Τραμπ : « Πολύ καλές συνομιλίες » με το Ιράν – Θέλει « απεγνωσμένα » συμφωνία,https://www.inewsgr.com/441/trab-poly-kales-synomilies-me-to-iran--thelei-apegnosmena-symfonia.htm,Greece,Greek
20260207T044500Z,Pensión alimenticia México 2026 : cómo exigirla,https://laverdadnoticias.com/dinero-inteligente/finanzas-personales/pension-alimenticia-mexico,Mexico,Spanish
20260207T044500Z,Kata Kepala BGN Kalbar Soal Pekedel Tahu Sebabkan 370 Siswa - Guru di Marau Ketapang Keracunan Massal,https://pontianak.tribunnews.com/kalbar/1161214/kata-kepala-bgn-kalbar-soal-pekedel-tahu-sebabkan-370-siswa-guru-di-marau-ketapang-keracunan-massal,Indonesia,Indonesian
20260207T044500Z,Scuole Materne | aumenti rette ridimensionati,https://www.zazoom.it/2026-02-07/scuole-materne-aumenti-rette-ridimensionati/18603008/,Italy,Italian
20260207T044500Z,"MOET proposes tighter admissions , ends separate transcript - based selection",https://vietnamnet.vn/en/moet-proposes-tighter-admissions-ends-separate-transcript-based-selection-2487480.html,Vietnam,English
20260207T044500Z,"6 - year - old girl dead , mother injured in accident near Buddha Tooth Relic Temple",https://www.asiaone.com:443/singapore/6-year-old-girl-dead-mother-injured-accident-buddha-tooth-relic-temple-chinatown,Singapore,English
20260207T044500Z,  Stand Up Classic  Con Paolo Rossi ironia e improvvisazione,https://www.zazoom.it/2026-02-07/stand-up-classic-con-paolo-rossi-ironia-e-improvvisazione/18602979/,Italy,Italian
20260207T044500Z,Programmazione Canale 5 cosa vedere oggi in diretta tv e streaming,https://www.zazoom.it/2026-02-07/programmazione-canale-5-cosa-vedere-oggi-in-diretta-tv-e-streaming-75/18602970/,Italy,Italian
20260207T044500Z,SPDR MSCI EAFE StrategicFactors ETF ( NYSEARCA : QEFA ) Reaches New 52 - Week High – Here Why,https://www.tickerreport.com/banking-finance/13339047/spdr-msci-eafe-strategicfactors-etf-nysearcaqefa-reaches-new-52-week-high-heres-why.html,United States,English
20260207T044500Z, 『 ラブパワーキングダム2 』 モテ男  に質問 ！ Vol . 12原田夕季叶 「 幼稚園に名前言えただけで受かっちゃった 」 ,https://www.excite.co.jp/news/article/Oricon_2435041/,Japan,Japanese
20260207T044500Z,预制菜国家标准等征求意见稿六问六答 _ 光明网,https://politics.gmw.cn/2026-02/07/content_38583027.htm,China,Chinese
20260207T044500Z,"Sumorna subota uz kišu i sneg , samo na jugu , od sredine dana suvo i toplije : Najviša dnevna do 14 stepeni",https://naslovi.net/2026-02-07/telegraf/sumorna-subota-uz-kisu-i-sneg-samo-na-jugu-od-sredine-dana-suvo-i-toplije-najvisa-dnevna-do-14-stepeni/41317151,Serbia,Serbian
20260207T044500Z,Teen accused of shooting brother with BB gun,https://www.northcentralpa.com/news/teen-accused-of-shooting-brother-with-bb-gun/article_6c5f369b-bb8d-491c-8018-1a9084752ce3.html,United States,English
20260207T044500Z,K Zemi se blíží extrémně jasná kometa . Lidé ji možná uvidí i za denního světla,https://www.denik.cz/vesmir/kometa-c2026-a1-maps-priblizeni-slunce-pozorovani.html,Czech Republic,Czech
20260207T044500Z,Staffer blamed for Trump racist Obamas as apes post,https://www.singletonargus.com.au/story/9169944/staffer-blamed-for-trumps-racist-obamas-as-apes-post/,Australia,English
20260207T044500Z,Wagnerin intikamı şüphesi var ... Rus generale Moskovada saldırı,https://www.hurriyet.com.tr/dunya/wagnerin-intikami-suphesi-var-rus-generale-moskovada-saldiri-43102216,Turkey,Turkish
20260207T044500Z,当心  网络暗语  误导未成年人 - 新华网,http://www.gd.xinhuanet.com/20260207/01a54cd90a6e405785acec708df2314d/c.html,China,Chinese
20260207T044500Z,"Trump posts , then deletes , racist clip of Obamas as monkeys",https://www.fairfieldsuntimes.com/news/national/trump-posts-then-deletes-racist-clip-of-obamas-as-monkeys/article_e7391b12-b27c-5daa-a238-45b086ce0550.html,United States,English
20260207T044500Z,New Business : Fish Mike Aquatics gets a bigger space ; La Casita moves across the border,https://www.unionleader.com/news/business/new_business/new-business-fish-mike-aquatics-gets-a-bigger-space-la-casita-moves-across-the-border/article_fd2ffd00-fd48-46a2-aeaa-f7769c057635.html,United States,English
20260207T044500Z,Just how bad are these job numbers ? : The Indicator from Planet Money,https://www.npr.org/transcripts/nx-s1-5702772,United States,English
20260207T044500Z,Electric motorcycle riders in Kenya demand more flexible battery networks,https://finance.yahoo.com/news/electric-motorcycle-riders-kenya-demand-040111378.html,United States,English
20260207T044500Z,Degrees & stitches : An Alaska woman crochet climate diary,https://www.alaskasnewssource.com/2026/02/07/degrees-stitches-an-alaska-womans-crochet-climate-diary/,,English
20260207T044500Z,Calmont . Bruits de couloir à fond pour le Téléthon,https://www.ladepeche.fr/2026/02/07/bruits-de-couloir-a-fond-pour-le-telethon-13212397.php,France,French
20260207T044500Z,"AGFC Internship Season , New Conservation Plate , and Legacy Lunkers Keep Momentum Rolling | 5OUTDOORS",https://www.5newsonline.com/article/life/outdoors-nature/agfc-internship-new-conservation-plate-legacy-lunkers-keep-momentum-rolling/527-b91e9250-fe1d-4ccb-a1d3-53f7e7a30fdf,United States,English
20260207T044500Z,Barcelona đạt thỏa thuận về vụ chuyển nhượng Rashford,https://plo.vn/barcelona-dat-thoa-thuan-ve-vu-chuyen-nhuong-rashford-post894990.html,Vietnam,Vietnamese
20260207T044500Z,白银价格一周巨震33 %！ 芝商所本轮七调保证金 是否见顶信号 ？ _ 东方财富网,https://finance.eastmoney.com/a/202602073644675660.html,China,Chinese
20260207T044500Z,Değerli metallerde oynaklık sürüyor,https://bigpara.hurriyet.com.tr/haberler/ekonomi-haberleri/degerli-metallerde-oynaklik-suruyor_ID1624490/,Turkey,Turkish
20260207T044500Z,Rusia está lista para cualquier escenario tras fin del Nuevo START,https://www.hispantv.com/noticias/rusia/640075/preparada-cualquier-escenario-fin-nuevo-start,Syria,Spanish
20260207T044500Z,"US trade partners look beyond , explore trade deals with each other",http://www.pakistantelegraph.com/news/278849873/us-trade-partners-look-beyond-explore-trade-deals-with-each-other,Pakistan,English
20260207T044500Z,Voter Misconduct Costs Drake Maye the MVP Title,https://www.el-balad.com/6845262,Egypt,English
20260207T044500Z,"Sebelum Ketua PN Depok Tertangkap , Ada Sepucuk Surat Penting",https://www.jpnn.com/news/sebelum-ketua-pn-depok-tertangkap-ada-sepucuk-surat-penting,Indonesia,Indonesian
20260207T044500Z,边锡明做空白银赚了36亿 ？ 真相探究 _ 东方财富网,https://finance.eastmoney.com/a/202602073644678229.html,China,Chinese
20260207T044500Z,La IA abre la puerta a una ola de ciberataques en el entretenimiento en 2026,https://newsinamerica.com/pdcc/gente/tecnologia/2026/la-ia-abre-la-puerta-a-una-ola-de-ciberataques-en-el-entretenimiento-en-2026/,Guatemala,Spanish
20260207T044500Z,Fronton . Distinction pour un membre du club darts martiaux,https://www.ladepeche.fr/2026/02/07/distinction-pour-un-membre-du-club-darts-martiaux-13212584.php,France,French
20260207T044500Z,США та Індія погодили торговельну угоду - що до неї входить,https://www.rbc.ua/rus/news/investitsiyi-skasuvannya-mit-i-biznes-ssha-1770437126.html,Ukraine,Ukrainian
20260207T044500Z,Chợ kháng chiến Phú Thuận : Địa chỉ đỏ của lòng yêu nước và sự kiên trung,https://danviet.vn/cho-khang-chien-phu-thuan-dia-chi-do-cua-long-yeu-nuoc-va-su-kien-trung-d1401419.html,Vietnam,Vietnamese
20260207T044500Z,Над Ростовской областью сбили украинские беспилотники,https://iz.ru/2038734/2026-02-07/nad-rostovskoi-oblastiu-sbili-ukrainskie-bespilotniki,Russia,Russian
20260207T044500Z,Stashing : por qué ocultar una relación daña tu autoestima,https://laverdadnoticias.com/vida-exclusiva/bienestar-premium/stashing-ocultar-una-relacion,Mexico,Spanish
20260207T044500Z,His son died after ICE detained his wife . Why this father of four chose to self - deport,https://ktvz.com/news/national-world/cnn-world/2026/02/06/his-son-died-after-ice-detained-his-wife-why-this-father-of-four-chose-to-self-deport/,United States,English
20260207T044500Z,Luka Doncic ( hamstring ) out vs . Warriors but reportedly isnt badly hurt,https://www.640wxsm.com/2026/02/06/luka-doncic-hamstring-out-vs-warriors-but-reportedly-isnt-badly-hurt/,United States,English
20260207T044500Z,LIFE經典 ／ 把逛書店變成星際穿越 淮安鍾書閣顛覆實體體驗 | ET Fashion,https://fashion.ettoday.net/news/3114370,Taiwan,Chinese
20260207T044500Z,"Deportada dos EUA , condenada pelo 8 / 1 é presa em Minas Gerais",https://dol.com.br/noticias/brasil/934124/deportada-dos-eua-condenada-pelo-81-e-presa-em-minas-gerais,,Portuguese
20260207T044500Z,فطر سام يضرب فى كاليفورنيا .. وفيات وعمليات زرع كبد,https://www.dostor.org/5410699,Egypt,Arabic
20260207T044500Z,Η Ναόμι Γουότς αλά Τζάκι Κένεντι : Το Balenciaga φόρεμα και τα Cartier σκουλαρίκια αξίας άνω των 130 . 000 δολαρίων,https://radiogamma.gr/2026/02/naomi-goyots-ala-tzaki-kenenti-to-balenciaga-forema/,Greece,Greek
20260207T044500Z,Dove Cameron Opens Up About Best Friend Murder :  I Still Have Issues  ,https://kissfm1071.iheart.com/content/2026-02-06-dove-cameron-opens-up-about-best-friends-murder-i-still-have-issues/,United States,English
20260207T044500Z,"Nissan Kicks , el SUV subcompacto que lidera su segmento en México – Periódico Zócalo | Noticias de Saltillo , Torreón , Piedras Negras , Monclova , Acuña",https://www.zocalo.com.mx/nissan-kicks-el-suv-subcompacto-que-lidera-su-segmento-en-mexico/,Mexico,Spanish
20260207T044500Z,Một nhân viên tuần đường sắt tử vong khi đang làm nhiệm vụ,https://plo.vn/mot-nhan-vien-tuan-duong-sat-tu-vong-khi-dang-lam-nhiem-vu-post895005.html,Vietnam,Vietnamese
20260207T044500Z,Caffeine buzz,https://nepalitimes.com/here-now/caffeine-buzz,Nepal,English
20260207T044500Z,美國阿根廷簽貿易協議 互免數百關稅強化合作 | 互免關稅 | 美國 阿根廷互惠貿易與投資協定 | 美國商品關稅,https://www.ntdtv.com/b5/2026/02/07/a104064046.html,China,Chinese
20260207T044500Z,Six killed as speeding container runs over passengers on Yamuna Expressway in Mathura | Central India Premier English Daily,https://www.centralchronicle.com/six-killed-as-speeding-container-runs-over-passengers-on-yamuna-expressway-in-mathura/,India,English
20260207T044500Z,"TP . HCM triển khai kết luận của Tổng Bí thư Tô Lâm : Cụ thể hóa từng đầu việc , tạo đà bứt phá giai đoạn mới",https://danviet.vn/tphcm-trien-khai-ket-luan-cua-tong-bi-thu-to-lam-cu-the-hoa-tung-dau-viec-tao-da-but-pha-giai-doan-moi-d1401459.html,Vietnam,Vietnamese
20260207T044500Z,More than 80 flood warnings issued in united kingdom with more downpours forecast,https://www.hillingdontimes.co.uk/news/national/25834652.80-flood-warnings-issued-uk-downpours-forecast/,United Kingdom,English
20260207T044500Z,Pet Shop Boys a Mantova | La voce del Trentino,https://lavocedeltrentino.it/arte-cultura/pet-shop-boys-a-mantova/,Italy,Italian
20260207T044500Z,سيرسكي : خسارة سيفيرسك جاءت نتيجة معلومات مضللة من القادة,https://www.dostor.org/5410688,Egypt,Arabic
20260207T044500Z,"After 50 years chronicling Portland Black community , The Skanner newspaper shuts down",https://www.kgw.com/article/money/business/50-years-chronicling-portlands-black-community-skanner-newspaper-shuts-down/283-8df12cc5-5492-4264-b8de-fa90d15378c2,United States,English
20260207T044500Z,  It better to be alone than alone at parties  ,https://timesofindia.indiatimes.com/blogs/toi-edit-page/its-better-to-be-alone-than-alone-at-parties/,India,English
20260207T044500Z,ദലിത് സ്കൂൾ വിദ്യാർഥിനിയെ ഓട്ടോയിൽ പീഡിപ്പിച്ച രണ്ടുപേർക്ക് തടവ് | Two men jailed for raping Dalit schoolgirl in auto,https://www.madhyamam.com/crime/two-men-jailed-for-raping-dalit-schoolgirl-in-auto-1492731,India,Malayalam
20260207T044500Z,Teenage boy charged by police after allegedly assaulting teacher,https://www.bucksfreepress.co.uk/news/national/25834654.teenage-boy-charged-police-allegedly-assaulting-teacher/,United Kingdom,English
20260207T044500Z,"Joaquín Martínez :  El PP no tiene credibilidad , abandonó la red ferroviaria de la Región y dejó trenes tercermundistas con goteras y averías constantes  ",https://www.murcia.com/region/noticias/2026/02/06-joaquin-martinez-el-pp-no-tiene-credibilidad-abandono-la-red-ferroviaria-de-la-region-y-dejo-trenes-tercermundistas-c.asp,Spain,Spanish
20260207T044500Z,"Galentine Party : Romance Books , Trivia & Hot Chocolate",https://www.slugmag.com/event/party-or-social-gathering-galentines-party-romance-books-trivia-hot-chocolate/,United States,English
20260207T044500Z,Frozen Assets Festival,https://isthmus.com/events/frozen-assets-festival/?occ_dtstart=2026-02-07T10:00,United States,English
20260207T044500Z,Enteignung gescheitert : Bauer kämpft weiter gegen die Stadt Flensburg,https://www.landeszeitung.de/panorama/enteignung-gescheitert-bauer-kaempft-weiter-gegen-die-stadt-flensburg-RI6756OX3VGODOGYLYBC27BAVY.html,Germany,German
20260207T044500Z,Pelicans Miss Crucial Trade Deadline Opportunity,https://www.el-balad.com/6845257,Egypt,English
20260207T044500Z,Yankees re - sign Paul Goldschimdt to one - year deal : reports,https://www.oneidadispatch.com/2026/02/06/yankees-paul-goldschmidt-mlb-free-agency-first-baseman/,United States,English
20260207T044500Z,"മെട്രോ റെയില്‍ വികസനം ; ലിഫ്റ്റ് , എസ്കലേറ്റര്‍ വര്‍ധിപ്പിക്കും | Metro rail development ; Lifts and escalators to be increased",https://www.madhyamam.com/metro/metro-rail-development-1492727,India,Malayalam
20260207T044500Z,Nữ diễn viên thưởng Tết bằng ô tô cho nhân viên,https://baomoi.com/nu-dien-vien-thuong-tet-bang-o-to-cho-nhan-vien-c54437634.epi,Vietnam,Vietnamese
20260207T044500Z,Khoáng sản chiến lược nổi lên như trụ cột mới trong cạnh tranh địa kinh tế toàn cầu,https://baovanhoa.vn/the-gioi/khoang-san-chien-luoc-noi-len-nhu-tru-cot-moi-trong-canh-tranh-dia-kinh-te-toan-cau-203222.html,Vietnam,Vietnamese
20260207T044500Z,Enthüllung in Köln : Alle schauen auf die Wagen – ein Politiker wird ignoriert,https://www.derwesten.de/region/koeln-rosenmontag-umzug-wagen-motto-putin-zoch-id301978528.html,Germany,German
20260207T044500Z,Shopee abre 326 vagas de emprego no Brasil,https://dol.com.br/noticias/cursos--empregos/934115/shopee-abre-326-vagas-de-emprego-no-brasil,,Portuguese
20260207T044500Z,Invesco RAFI Developed Markets ex - U . S . ETF ( NYSEARCA : PXF ) Reaches New 12 - Month High – Here What Happened,https://www.dailypolitical.com/2026/02/06/invesco-rafi-developed-markets-ex-u-s-etf-nysearcapxf-reaches-new-12-month-high-heres-what-happened.html,United States,English
20260207T044500Z,为焦作在奋力谱写中原大地推进中国式现代化新篇章中奋勇争先更加出彩贡献更多智慧力量<br / >市政协十五届四次会议隆重开幕<br / >李亦博讲话 刘冰等到会祝贺 宫松奇作政协常委会工作报告 - 焦作网WWW . JZRB . COM,http://www.jzrb.com/news/bendi/202602/943201.shtml,,Chinese
20260207T044500Z,Rockville man accused of plotting attack against member of Trump administration,https://wcbm.com/local-story/rockville-man-accused-of-plotting-attack-against-member-of-trump-administration/,United States,English
20260207T044500Z,Three people brought to hospital after Highway 19A crash : BC EHS,https://cheknews.ca/deep-bay-fire-asks-public-to-avoid-section-of-highway-19a-for-crash-response-1304210/,Canada,English
20260207T044500Z,"Assegno unico provinciale , cambiano le regole : recepite le novità su natalità e Carta argento Trentina",https://lavocedeltrentino.it/dalle-valli/assegno-unico-provinciale-cambiano-le-regole-recepite-le-novita-su-natalita-e-carta-argento-trentina/,Italy,Italian
20260207T044500Z,"El adiós de César González - Bueno en el Sabadell , cuando lo personal es financiero",https://www.elconfidencial.com/empresas/2026-02-07/adios-cesar-gonzalez-bueno-sabadell-personal_4298443/,Spain,Spanish
20260207T044500Z,Trump arrives in Palm Beach County ; Super Bowl watch party planned at Mar - a - Lago,https://kfdm.com/news/nation-world/president-donald-trump-super-bowl-mar-a-lago-watch-party-obama-meme-florida-news,United States,English
20260207T044500Z,Omaggio a Mario Mirabassi con un convegno e il Grifone donore,https://www.zazoom.it/2026-02-07/omaggio-a-mario-mirabassi-con-un-convegno-e-il-grifone-donore/18602976/,Italy,Italian
20260207T044500Z,"  México no se vende ni se rinde y refrenda : Sheinbaum desde Morelia – Periódico Zócalo | Noticias de Saltillo , Torreón , Piedras Negras , Monclova , Acuña",https://www.zocalo.com.mx/mexico-no-se-vende-ni-se-rinde-y-refrenda-sheinbaum-desde-morelia/,Mexico,Spanish
20260207T044500Z,U . S . births slightly decreased in 2025,https://www.wpbf.com/article/us-births-dropped-last-year/70270517,United States,English
20260207T044500Z,65 hòn đá có họa tiết bí ẩn tại xã rộng nhất Việt Nam,https://dantri.com.vn/thoi-su/65-hon-da-co-hoa-tiet-bi-an-tai-xa-rong-nhat-viet-nam-20260206095217171.htm,Vietnam,Vietnamese
